{
  "attributes": {
    "Design strategies": {
      "description": "What tactics are implemented to manipulate users?",
      "disable_correlation": false,
      "misp-attribute": "text",
      "ui-priority": 9,
      "values_list": [
        "Asymmetric",
        "Restrictive",
        "Disparate Treatment",
        "Covert",
        "Deceptive",
        "Information hiding"
      ]
    },
    "Business_sector": {
      "description": "In which sector does the website/app/platform mainly operate in?",
      "disable_correlation": false,
      "misp-attribute": "text",
      "multiple": true,
      "ui-priority": 8,
      "sane_default": [
        "E-commerce",
        "Banking",
        "Video games",
        "Public administration",
        "Health",
        "Enter value manually"
      ]

    },
    "Size_of_company": {
      "description": "What is the size of the company?",
      "disable_correlation": false,
      "misp-attribute": "text",
      "ui-priority": 7,
      "values_list": [
        "Large online platforms",
        "Medium size online platforms",
        "Small online platforms"
      ]
    },
    "Target_Users": {
      "description": "What kind of user groups is the dark pattern targeting?",
      "disable_correlation": false,
      "misp-attribute": "text",
      "multiple": true,
      "ui-priority": 6,
      "sane_default": [
        "Children up to 13",
        "Teenagers (13 - 18)",
        "Vulnerable populations",
        "Women",
	"Patients",
        "LGTBIQ+",
        "General population"
      ]
    },
    "Harms": {
      "description": "What kind of harm can this dark pattern inflict?",
      "disable_correlation": false,
      "misp-attribute": "text",
      "ui-priority": 5,
      "sane_default": [
        "Privacy harm",
        "Financial loss",
        "Cognitive burden/Emotional harm",
        "Discrimination",
        "Competition harm",
        "Loss of consumer trust and engagement",
        "Enter value manually"
      ]
    },
  "Data protection requirement": {
      "description": "Which data protection requirement does the dark pattern potentially violate?",
      "disable_correlation": false,
      "misp-attribute": "text",
      "ui-priority": 4,
      "values_list": [
        "Consent",
	"Transparency",
        "Data protection by design and by default",
	"Data minimisation",
        "Purpose specification",
        "Fairness",
        "Data subjects' rights",
        "Other"
      ]
    },
    "Regulations": {
      "description": "What regulation does the dark pattern infringe?",
      "disable_correlation": false,
      "misp-attribute": "text",
      "ui-priority": 3,
      "values_list": [
        "GDPR",
	"ePrivacy Directive",
        "Unfair commercial practices directive",
	"Consumer rights directive",
        "Digital services act",
        "Digital markets act"
      ]
    },
    "Place_of_publication": {
      "description": "Where was the dark pattern initially reported?",
      "disable_correlation": false,
      "misp-attribute": "text",
      "ui-priority": 2,
      "values_list": [
        "Social media",
        "Blog",
        "Official report",
        "Business report",
        "Scientific literature",
        "New pattern not yet reported publicly",
        "Other Dark Pattern platform"
      ]
    },
"Dark pattern strategies": {
      "description": "Why kind of deceptive strategy uses the dark pattern?",
      "disable_correlation": false,
      "misp-attribute": "text",
      "ui-priority": 1,
      "values_list": [
        "Obstruction",
        "Forced action",
        "Sneaking",
        "Interface interference",
        "Nagging",
        "Social engineering"
      ]
    },
    "Additional_Info": {
      "description": "Any additional information you would like to share.",
      "disable_correlation": true,
      "misp-attribute": "text",
      "ui-priority": 0
    }

  },
  "description": "A Dark Pattern Template.",
  "meta-category": "dark patterns",
  "name": "dark-pattern-schema",
  "uuid": "12f9392a-9f5e-4251-a13b-cf9eda79ae02",
  "version": 1.3,
  "required":  
	[
	"Regulations",
	"Place_of_publication"
    ]
}
